Date Sold,Condition,Quantity,Price Sold
6/9/22,Unopened,1,85.0
6/9/22,Unopened,2,99.99
6/9/22,Unopened,1,99.96
6/9/22,Unopened,1,99.98
6/9/22,Unopened,1,99.99
6/8/22,Unopened,2,99.98
6/8/22,Unopened,2,102.99
6/8/22,Unopened,1,99.98
6/8/22,Unopened,1,99.98
6/8/22,Unopened,1,99.98
6/8/22,Unopened,1,99.99
6/8/22,Unopened,1,99.98
6/8/22,Unopened,1,99.99
6/8/22,Unopened,1,99.99
6/8/22,Unopened,1,102.96
6/8/22,Unopened,1,102.96
6/8/22,Unopened,1,102.96
6/7/22,Unopened,2,102.96
6/7/22,Unopened,1,102.99
6/7/22,Unopened,1,102.99
6/7/22,Unopened,1,102.97
6/7/22,Unopened,1,102.97
6/6/22,Unopened,1,100.96
6/6/22,Unopened,1,100.96
6/6/22,Unopened,1,99.99
6/6/22,Unopened,1,102.98
6/6/22,Unopened,2,102.98
6/6/22,Unopened,1,100.0
6/6/22,Unopened,1,94.99
6/5/22,Unopened,3,85.0
6/5/22,Unopened,1,99.0
6/5/22,Unopened,1,99.0
6/5/22,Unopened,1,99.0
6/5/22,Unopened,1,100.0
6/5/22,Unopened,1,99.0
6/5/22,Unopened,1,99.0
6/5/22,Unopened,1,99.0
6/5/22,Unopened,1,99.0
6/5/22,Unopened,1,100.0
6/4/22,Unopened,2,94.99
6/4/22,Unopened,1,100.0
6/4/22,Unopened,1,85.0
6/4/22,Unopened,1,95.0
6/4/22,Unopened,1,100.0
6/4/22,Unopened,1,93.99
6/4/22,Unopened,1,99.98
6/4/22,Unopened,1,100.0
6/3/22,Unopened,1,99.99
6/3/22,Unopened,1,99.99
6/3/22,Unopened,1,93.99
6/3/22,Unopened,1,99.98
6/3/22,Unopened,1,99.99
6/3/22,Unopened,1,99.49
6/3/22,Unopened,2,99.49
6/3/22,Unopened,2,99.49
6/3/22,Unopened,1,99.49
6/3/22,Unopened,1,99.49
6/2/22,Unopened,1,99.49
6/2/22,Unopened,2,99.49
6/2/22,Unopened,1,97.49
6/2/22,Unopened,1,97.49
6/2/22,Unopened,1,97.49
6/2/22,Unopened,3,96.99
6/2/22,Unopened,1,99.99
6/2/22,Unopened,1,96.99
6/1/22,Unopened,1,94.5
6/1/22,Unopened,1,94.5
6/1/22,Unopened,1,99.5
6/1/22,Unopened,1,96.99
6/1/22,Unopened,1,99.99
6/1/22,Unopened,1,96.99
6/1/22,Unopened,1,99.99
6/1/22,Unopened,1,96.99
6/1/22,Unopened,1,99.5
5/31/22,Unopened,1,96.99
5/31/22,Unopened,1,99.5
5/31/22,Unopened,1,96.99
5/31/22,Unopened,1,99.5
5/31/22,Unopened,1,96.99
5/31/22,Unopened,2,99.5
5/31/22,Unopened,1,96.99
5/30/22,Unopened,1,97.5
5/30/22,Unopened,1,97.5
5/30/22,Unopened,2,97.5
5/30/22,Unopened,1,97.5
5/29/22,Unopened,1,97.5
5/29/22,Unopened,1,97.5
5/29/22,Unopened,1,97.5
5/29/22,Unopened,1,99.99
5/29/22,Unopened,2,100.0
5/29/22,Unopened,1,99.98
5/28/22,Unopened,1,99.98
5/28/22,Unopened,1,99.98
5/28/22,Unopened,2,99.98
5/28/22,Unopened,1,99.95
5/28/22,Unopened,1,93.05
5/28/22,Unopened,1,93.05
5/27/22,Unopened,1,89.86
5/27/22,Unopened,2,89.86
5/27/22,Unopened,1,89.86
5/27/22,Unopened,1,89.86
5/27/22,Unopened,2,80.0
5/27/22,Unopened,6,80.0
5/27/22,Unopened,1,80.0
5/27/22,Unopened,3,80.0
5/27/22,Unopened,1,80.0
5/27/22,Unopened,2,80.0
5/27/22,Unopened,1,80.0
5/27/22,Unopened,1,80.0
5/27/22,Unopened,1,80.0
5/27/22,Unopened,1,80.0
5/27/22,Unopened,1,80.0
5/27/22,Unopened,1,80.0
5/27/22,Unopened,1,80.0
5/27/22,Unopened,1,99.98
5/27/22,Unopened,1,80.0
5/27/22,Unopened,1,89.86
5/27/22,Unopened,1,80.0
5/27/22,Unopened,1,80.0
5/27/22,Unopened,1,80.0
5/27/22,Unopened,2,99.69
5/27/22,Unopened,1,92.85
5/26/22,Unopened,2,92.85
5/26/22,Unopened,1,93.05
5/26/22,Unopened,1,94.95
5/26/22,Unopened,1,92.85
5/26/22,Unopened,1,92.85
5/26/22,Unopened,2,95.67
5/26/22,Unopened,1,92.85
5/26/22,Unopened,1,92.85
5/26/22,Unopened,1,94.95
5/26/22,Unopened,1,94.95
5/26/22,Unopened,1,91.99
5/26/22,Unopened,1,95.67
5/26/22,Unopened,1,91.99
5/26/22,Unopened,1,91.99
5/26/22,Unopened,1,86.99
5/26/22,Unopened,1,91.99
5/25/22,Unopened,3,95.67
5/25/22,Unopened,1,91.99
5/25/22,Unopened,1,91.99
5/25/22,Unopened,1,91.99
5/25/22,Unopened,1,91.99
5/25/22,Unopened,1,91.99
5/25/22,Unopened,1,91.99
5/25/22,Unopened,1,99.99
5/25/22,Unopened,2,92.85
5/25/22,Unopened,1,99.99
5/24/22,Unopened,1,92.85
5/24/22,Unopened,1,94.95
5/24/22,Unopened,1,92.85
5/24/22,Unopened,1,94.8
5/24/22,Unopened,1,92.85
5/24/22,Unopened,1,94.79
5/24/22,Unopened,1,94.79
5/24/22,Unopened,1,94.79
5/24/22,Unopened,1,95.0
5/24/22,Unopened,1,94.79
5/23/22,Unopened,2,94.95
5/23/22,Unopened,2,94.8
5/23/22,Unopened,1,94.8
5/23/22,Unopened,1,94.95
5/23/22,Unopened,1,94.8
5/23/22,Unopened,1,94.8
5/23/22,Unopened,1,94.8
5/23/22,Unopened,1,94.8
5/23/22,Unopened,1,83.0
5/23/22,Unopened,1,94.8
5/23/22,Unopened,1,94.8
5/23/22,Unopened,1,94.8
5/23/22,Unopened,1,94.8
5/22/22,Unopened,1,94.8
5/22/22,Unopened,1,94.8
5/22/22,Unopened,1,94.8
5/22/22,Unopened,2,94.8
5/21/22,Unopened,1,94.95
5/21/22,Unopened,1,94.95
5/21/22,Unopened,1,94.95
5/21/22,Unopened,1,94.95
5/21/22,Unopened,1,94.95
5/21/22,Unopened,1,94.95
5/21/22,Unopened,1,94.95
5/21/22,Unopened,4,94.95
5/21/22,Unopened,1,94.95
5/21/22,Unopened,1,94.95
5/20/22,Unopened,1,94.44
5/20/22,Unopened,1,94.44
5/20/22,Unopened,1,94.44
5/20/22,Unopened,1,94.19
5/20/22,Unopened,1,94.19
5/20/22,Unopened,1,94.19
5/20/22,Unopened,2,94.19
5/19/22,Unopened,1,94.19
5/19/22,Unopened,1,94.11
5/19/22,Unopened,1,94.11
5/19/22,Unopened,2,94.11
5/19/22,Unopened,1,94.11
5/18/22,Unopened,1,94.11
5/18/22,Unopened,1,94.11
5/18/22,Unopened,3,94.11
5/18/22,Unopened,1,94.11
5/18/22,Unopened,1,94.11
5/18/22,Unopened,1,94.11
5/17/22,Unopened,2,80.0
5/17/22,Unopened,1,94.11
5/17/22,Unopened,1,94.11
5/17/22,Unopened,1,94.11
5/17/22,Unopened,1,94.11
5/17/22,Unopened,1,94.11
5/17/22,Unopened,1,83.99
5/17/22,Unopened,1,94.11
5/17/22,Unopened,1,94.11
5/17/22,Unopened,1,94.11
5/16/22,Unopened,2,94.11
5/16/22,Unopened,2,94.11
5/16/22,Unopened,1,91.93
5/16/22,Unopened,2,94.95
5/16/22,Unopened,1,91.93
5/16/22,Unopened,1,91.93
5/16/22,Unopened,1,91.93
5/16/22,Unopened,1,93.93
5/16/22,Unopened,3,94.44
5/16/22,Unopened,1,91.93
5/16/22,Unopened,1,82.99
5/16/22,Unopened,1,94.11
5/16/22,Unopened,1,87.0
5/16/22,Unopened,3,94.11
5/16/22,Unopened,1,93.93
5/15/22,Unopened,1,82.99
5/15/22,Unopened,1,94.47
5/15/22,Unopened,1,93.93
5/15/22,Unopened,1,94.11
5/15/22,Unopened,1,94.95
5/15/22,Unopened,1,94.11
5/15/22,Unopened,1,91.93
5/15/22,Unopened,1,93.49
5/15/22,Unopened,1,93.49
5/15/22,Unopened,1,93.45
5/15/22,Unopened,1,93.45
5/15/22,Unopened,1,93.45
5/15/22,Unopened,1,94.11
5/15/22,Unopened,1,93.87
5/15/22,Unopened,1,93.86
5/14/22,Unopened,2,93.49
5/14/22,Unopened,1,93.49
5/14/22,Unopened,1,93.49
5/14/22,Unopened,1,93.87
5/14/22,Unopened,1,93.88
5/14/22,Unopened,1,93.86
5/14/22,Unopened,2,93.86
5/14/22,Unopened,1,93.86
5/13/22,Unopened,1,93.44
5/13/22,Unopened,1,93.86
5/13/22,Unopened,1,93.88
5/13/22,Unopened,1,93.86
5/13/22,Unopened,1,93.87
5/13/22,Unopened,1,93.88
5/13/22,Unopened,1,94.44
5/13/22,Unopened,1,93.88
5/13/22,Unopened,1,93.88
5/13/22,Unopened,1,93.87
5/13/22,Unopened,1,93.87
5/13/22,Unopened,1,93.87
5/12/22,Unopened,1,93.87
5/12/22,Unopened,1,94.2
5/12/22,Unopened,2,93.88
5/12/22,Unopened,2,93.88
5/12/22,Unopened,1,93.94
5/12/22,Unopened,1,93.87
5/12/22,Unopened,1,93.87
5/12/22,Unopened,1,93.88
5/12/22,Unopened,1,93.88
5/12/22,Unopened,1,93.88
5/12/22,Unopened,1,93.87
5/12/22,Unopened,2,93.87
5/12/22,Unopened,1,93.44
5/11/22,Unopened,1,93.87
5/11/22,Unopened,1,93.87
5/11/22,Unopened,1,93.87
5/11/22,Unopened,1,55.55
5/11/22,Unopened,1,93.94
5/11/22,Unopened,1,93.94
5/11/22,Unopened,6,93.86
5/11/22,Unopened,1,93.87
5/11/22,Unopened,1,93.86
5/11/22,Unopened,1,93.94
5/11/22,Unopened,1,94.44
5/11/22,Unopened,1,93.44
5/11/22,Unopened,1,94.2
5/11/22,Unopened,1,94.2
5/11/22,Unopened,2,93.88
5/10/22,Unopened,2,93.88
5/10/22,Unopened,1,93.87
5/10/22,Unopened,2,93.88
5/10/22,Unopened,1,93.88
5/10/22,Unopened,2,93.92
5/10/22,Unopened,1,93.92
5/10/22,Unopened,2,93.92
5/10/22,Unopened,1,93.92
5/10/22,Unopened,1,93.94
5/9/22,Unopened,1,93.95
5/9/22,Unopened,1,93.0
5/9/22,Unopened,1,93.0
5/9/22,Unopened,1,93.0
5/9/22,Unopened,1,93.95
5/8/22,Unopened,1,93.94
5/8/22,Unopened,1,93.95
5/8/22,Unopened,1,94.44
5/8/22,Unopened,1,93.96
5/8/22,Unopened,1,55.55
5/7/22,Unopened,1,93.96
5/7/22,Unopened,1,93.96
5/7/22,Unopened,1,93.96
5/7/22,Unopened,1,93.96
5/7/22,Unopened,1,93.96
5/7/22,Unopened,1,93.98
5/7/22,Unopened,1,93.96
5/7/22,Unopened,1,93.96
5/7/22,Unopened,1,93.98
5/7/22,Unopened,1,93.96
5/6/22,Unopened,1,94.47
5/6/22,Unopened,1,93.96
5/5/22,Unopened,1,93.97
5/5/22,Unopened,1,93.97
5/5/22,Unopened,1,93.97
5/5/22,Unopened,1,93.97
5/5/22,Unopened,1,93.98
5/5/22,Unopened,1,93.97
5/5/22,Unopened,3,93.44
5/5/22,Unopened,1,94.0
5/4/22,Unopened,1,94.0
5/4/22,Unopened,1,93.49
5/4/22,Unopened,1,93.49
5/4/22,Unopened,1,94.11
5/4/22,Unopened,1,93.49
5/4/22,Unopened,1,93.49
5/4/22,Unopened,1,91.99
5/4/22,Unopened,1,78.5
5/4/22,Unopened,1,93.49
5/4/22,Unopened,1,93.49
5/4/22,Unopened,1,93.44
5/4/22,Unopened,1,93.49
5/4/22,Unopened,1,93.49
5/3/22,Unopened,1,93.49
5/3/22,Unopened,1,93.49
5/3/22,Unopened,1,93.49
5/3/22,Unopened,2,93.48
5/3/22,Unopened,1,93.48
5/3/22,Unopened,1,93.48
5/3/22,Unopened,1,93.48
5/3/22,Unopened,1,93.48
5/3/22,Unopened,1,93.44
5/3/22,Unopened,1,78.49
5/3/22,Unopened,1,93.49
5/3/22,Unopened,1,89.99
5/3/22,Unopened,1,89.99
5/3/22,Unopened,1,93.49
5/3/22,Unopened,1,94.11
5/3/22,Unopened,1,93.48
5/2/22,Unopened,1,93.48
5/2/22,Unopened,1,93.48
5/2/22,Unopened,1,93.48
5/2/22,Unopened,1,93.44
5/2/22,Unopened,1,93.49
5/2/22,Unopened,1,93.49
5/2/22,Unopened,1,93.47
5/2/22,Unopened,1,93.47
5/2/22,Unopened,1,93.47
5/2/22,Unopened,1,93.47
5/2/22,Unopened,1,93.47
5/2/22,Unopened,2,93.48
5/2/22,Unopened,1,94.11
5/2/22,Unopened,1,93.98
5/2/22,Unopened,1,84.0
5/1/22,Unopened,1,93.49
5/1/22,Unopened,1,55.55
5/1/22,Unopened,1,93.49
5/1/22,Unopened,1,94.95
5/1/22,Unopened,2,93.88
5/1/22,Unopened,2,93.49
5/1/22,Unopened,1,94.11
5/1/22,Unopened,1,93.88
5/1/22,Unopened,1,93.98
5/1/22,Unopened,2,93.98
5/1/22,Unopened,3,79.4
4/30/22,Unopened,1,94.4
4/30/22,Unopened,1,93.98
4/30/22,Unopened,1,93.98
4/30/22,Unopened,1,93.99
4/30/22,Unopened,1,104.45
4/30/22,Unopened,1,94.19
4/30/22,Unopened,1,94.2
4/30/22,Unopened,1,93.99
4/30/22,Unopened,1,92.0
4/30/22,Unopened,1,94.21
4/30/22,Unopened,2,93.99
4/30/22,Unopened,3,94.2
4/29/22,Unopened,1,94.21
4/29/22,Unopened,1,94.21
4/29/22,Unopened,1,93.99
4/29/22,Unopened,1,92.21
4/29/22,Unopened,2,94.21
4/29/22,Unopened,1,94.21
4/29/22,Unopened,1,94.21
4/29/22,Unopened,1,94.29
4/29/22,Unopened,1,94.22
4/29/22,Unopened,1,93.99
4/29/22,Unopened,1,94.29
4/29/22,Unopened,1,94.22
4/29/22,Unopened,1,91.99
4/29/22,Unopened,1,91.99
4/29/22,Unopened,1,94.22
4/29/22,Unopened,1,94.22
4/29/22,Unopened,1,91.99
4/29/22,Unopened,1,94.4
4/29/22,Unopened,1,91.99
4/28/22,Unopened,1,91.99
4/28/22,Unopened,1,91.99
4/28/22,Unopened,1,94.29
4/28/22,Unopened,1,94.3
4/28/22,Unopened,1,94.3
4/28/22,Unopened,1,94.39
4/28/22,Unopened,1,94.39
4/28/22,Unopened,1,94.4
4/27/22,Unopened,1,94.39
4/27/22,Unopened,3,94.39
4/27/22,Unopened,1,94.39
4/27/22,Unopened,1,94.39
4/27/22,Unopened,1,94.39
4/27/22,Unopened,1,94.39
4/27/22,Unopened,1,94.39
4/27/22,Unopened,2,94.39
4/27/22,Unopened,1,94.39
4/27/22,Unopened,2,94.39
4/27/22,Unopened,1,94.39
4/27/22,Unopened,1,94.39
4/27/22,Unopened,1,94.4
4/26/22,Unopened,1,94.39
4/26/22,Unopened,1,94.39
4/26/22,Unopened,2,94.39
4/26/22,Unopened,1,94.39
4/26/22,Unopened,1,94.39
4/26/22,Unopened,1,94.39
4/26/22,Unopened,1,94.39
4/26/22,Unopened,1,94.39
4/26/22,Unopened,1,109.95
4/26/22,Unopened,1,94.39
4/26/22,Unopened,1,94.39
4/26/22,Unopened,1,94.39
4/26/22,Unopened,1,94.39
4/26/22,Unopened,1,94.39
4/25/22,Unopened,1,94.39
4/25/22,Unopened,1,94.39
4/25/22,Unopened,2,94.39
4/25/22,Unopened,1,94.39
4/25/22,Unopened,1,94.39
4/25/22,Unopened,1,94.4
4/25/22,Unopened,1,94.4
4/25/22,Unopened,1,94.41
4/25/22,Unopened,1,94.41
4/25/22,Unopened,1,94.41
4/25/22,Unopened,1,94.41
4/25/22,Unopened,7,94.41
4/25/22,Unopened,1,94.41
4/25/22,Unopened,2,94.41
4/25/22,Unopened,1,94.95
4/25/22,Unopened,1,94.44
4/25/22,Unopened,1,94.41
4/25/22,Unopened,1,94.41
4/24/22,Unopened,1,94.41
4/24/22,Unopened,1,94.41
4/24/22,Unopened,1,94.95
4/24/22,Unopened,2,87.0
4/24/22,Unopened,1,94.41
4/24/22,Unopened,1,94.41
4/24/22,Unopened,1,94.41
4/23/22,Unopened,1,94.41
4/23/22,Unopened,1,94.41
4/23/22,Unopened,1,94.41
4/23/22,Unopened,4,94.42
4/23/22,Unopened,1,94.41
4/23/22,Unopened,1,94.42
4/23/22,Unopened,1,94.42
4/23/22,Unopened,1,94.42
4/22/22,Unopened,1,94.42
4/22/22,Unopened,1,94.42
4/22/22,Unopened,1,94.42
4/22/22,Unopened,1,94.43
4/22/22,Unopened,1,83.5
4/22/22,Unopened,1,83.5
4/22/22,Unopened,1,94.43
4/22/22,Unopened,1,83.5
4/22/22,Unopened,1,93.49
4/22/22,Unopened,1,94.95
4/22/22,Unopened,1,93.49
4/22/22,Unopened,1,93.49
4/22/22,Unopened,1,93.49
4/22/22,Unopened,1,93.49
4/22/22,Unopened,1,93.49
4/21/22,Unopened,2,94.43
4/21/22,Unopened,1,94.43
4/21/22,Unopened,2,94.43
4/21/22,Unopened,1,94.44
4/21/22,Unopened,1,94.43
4/21/22,Unopened,1,94.43
4/21/22,Unopened,1,94.44
4/21/22,Unopened,1,94.43
4/21/22,Unopened,1,94.43
4/21/22,Unopened,1,94.43
4/21/22,Unopened,2,94.43
4/21/22,Unopened,1,94.43
4/21/22,Unopened,1,94.43
4/21/22,Unopened,1,94.43
4/21/22,Unopened,1,94.43
4/21/22,Unopened,1,94.44
4/21/22,Unopened,2,95.67
4/20/22,Unopened,1,94.44
4/20/22,Unopened,1,94.46
4/20/22,Unopened,1,94.44
4/20/22,Unopened,1,94.44
4/20/22,Unopened,1,94.44
4/20/22,Unopened,1,94.44
4/20/22,Unopened,1,94.44
4/20/22,Unopened,1,94.25
4/20/22,Unopened,1,94.46
4/20/22,Unopened,1,94.44
4/20/22,Unopened,1,94.44
4/20/22,Unopened,1,94.44
4/20/22,Unopened,1,94.44
4/20/22,Unopened,1,94.43
4/20/22,Unopened,1,94.44
4/20/22,Unopened,1,94.44
4/20/22,Unopened,1,94.45
4/20/22,Unopened,1,94.46
4/20/22,Unopened,1,94.46
4/19/22,Unopened,1,94.46
4/19/22,Unopened,1,94.48
4/19/22,Unopened,1,94.46
4/19/22,Unopened,1,94.47
4/19/22,Unopened,1,94.48
4/19/22,Unopened,1,94.47
4/19/22,Unopened,1,94.48
4/19/22,Unopened,1,94.48
4/19/22,Unopened,1,94.49
4/19/22,Unopened,1,94.49
4/18/22,Unopened,1,79.49
4/18/22,Unopened,1,94.49
4/18/22,Unopened,1,94.49
4/18/22,Unopened,2,75.49
4/18/22,Unopened,1,94.49
4/18/22,Unopened,1,94.48
4/18/22,Unopened,1,94.48
4/18/22,Unopened,1,94.48
4/18/22,Unopened,2,94.48
4/18/22,Unopened,1,94.48
4/18/22,Unopened,2,94.49
4/18/22,Unopened,1,94.49
4/18/22,Unopened,1,94.49
4/18/22,Unopened,1,94.49
4/18/22,Unopened,1,92.98
4/17/22,Unopened,1,92.98
4/17/22,Unopened,1,92.98
4/17/22,Unopened,2,94.49
4/17/22,Unopened,1,94.49
4/17/22,Unopened,2,94.49
4/17/22,Unopened,1,92.0
4/17/22,Unopened,1,92.98
4/17/22,Unopened,1,92.98
4/17/22,Unopened,1,94.49
4/17/22,Unopened,1,92.98
4/17/22,Unopened,1,92.98
4/17/22,Unopened,1,92.98
4/17/22,Unopened,1,92.97
4/17/22,Unopened,2,92.97
4/17/22,Unopened,1,92.97
4/17/22,Unopened,1,92.97
4/17/22,Unopened,1,92.97
4/17/22,Unopened,2,92.97
4/17/22,Unopened,1,94.95
4/17/22,Unopened,1,92.98
4/17/22,Unopened,1,94.49
4/16/22,Unopened,1,94.95
4/16/22,Unopened,1,94.49
4/16/22,Unopened,1,94.49
4/16/22,Unopened,2,92.98
4/16/22,Unopened,1,92.49
4/16/22,Unopened,1,92.49
4/16/22,Unopened,1,92.49
4/16/22,Unopened,2,92.98
4/16/22,Unopened,2,92.49
4/16/22,Unopened,2,94.49
4/16/22,Unopened,1,94.95
4/16/22,Unopened,1,92.98
4/16/22,Unopened,1,92.49
4/16/22,Unopened,1,94.95
4/15/22,Unopened,1,89.99
4/15/22,Unopened,1,89.99
4/15/22,Unopened,1,92.98
4/15/22,Unopened,1,89.99
4/15/22,Unopened,5,89.99
4/15/22,Unopened,2,89.99
4/15/22,Unopened,1,89.99
4/15/22,Unopened,1,89.99
4/15/22,Unopened,1,89.99
4/15/22,Unopened,2,94.95
4/15/22,Unopened,1,92.99
4/15/22,Unopened,1,94.49
4/15/22,Unopened,1,93.48
4/15/22,Unopened,1,93.48
4/15/22,Unopened,2,83.0
4/14/22,Unopened,1,94.95
4/14/22,Unopened,1,83.0
4/14/22,Unopened,1,83.0
4/14/22,Unopened,1,92.99
4/14/22,Unopened,1,92.99
4/14/22,Unopened,1,92.99
4/14/22,Unopened,1,92.99
4/14/22,Unopened,1,92.99
4/14/22,Unopened,1,92.99
4/14/22,Unopened,1,92.99
4/14/22,Unopened,1,92.99
4/13/22,Unopened,1,92.99
4/13/22,Unopened,1,92.99
4/13/22,Unopened,1,93.49
4/13/22,Unopened,1,91.99
4/13/22,Unopened,2,94.95
4/13/22,Unopened,1,93.98
4/13/22,Unopened,1,93.49
4/13/22,Unopened,1,93.49
4/13/22,Unopened,2,93.49
4/12/22,Unopened,3,93.98
4/12/22,Unopened,1,93.98
4/12/22,Unopened,1,93.98
4/12/22,Unopened,1,94.94
4/12/22,Unopened,1,93.98
4/12/22,Unopened,2,93.98
4/12/22,Unopened,1,93.98
4/12/22,Unopened,1,93.99
4/12/22,Unopened,1,94.94
4/12/22,Unopened,2,94.95
4/11/22,Unopened,1,93.99
4/11/22,Unopened,2,94.94
4/11/22,Unopened,1,93.99
4/11/22,Unopened,1,93.98
4/11/22,Unopened,1,93.99
4/11/22,Unopened,1,94.95
4/11/22,Unopened,1,94.94
4/10/22,Unopened,1,93.98
4/10/22,Unopened,2,93.98
4/10/22,Unopened,1,93.98
4/10/22,Unopened,1,39.0
4/10/22,Unopened,3,93.98
4/10/22,Unopened,1,93.98
4/10/22,Unopened,1,93.98
4/10/22,Unopened,1,95.67
4/10/22,Unopened,1,93.98
4/10/22,Unopened,1,93.98
4/10/22,Unopened,1,93.99
4/10/22,Unopened,1,93.98
4/10/22,Unopened,3,94.95
4/10/22,Unopened,1,93.98
4/10/22,Unopened,1,93.98
4/10/22,Unopened,1,94.95
4/10/22,Unopened,2,93.98
4/10/22,Unopened,1,93.98
4/9/22,Unopened,1,93.98
4/9/22,Unopened,1,93.98
4/9/22,Unopened,1,93.98
4/9/22,Unopened,3,93.99
4/9/22,Unopened,1,93.98
4/9/22,Unopened,2,93.99
4/9/22,Unopened,1,93.98
4/9/22,Unopened,1,93.98
4/9/22,Unopened,1,93.98
4/9/22,Unopened,1,93.98
4/9/22,Unopened,1,93.99
4/9/22,Unopened,1,93.99
4/9/22,Unopened,2,94.95
4/9/22,Unopened,1,94.95
4/9/22,Unopened,1,93.99
4/8/22,Unopened,1,93.99
4/8/22,Unopened,1,93.99
4/8/22,Unopened,2,93.99
4/8/22,Unopened,2,93.99
4/8/22,Unopened,2,99.99
4/8/22,Unopened,1,89.99
4/8/22,Unopened,1,93.98
4/8/22,Unopened,2,94.94
4/8/22,Unopened,1,93.98
4/8/22,Unopened,1,93.98
4/8/22,Unopened,1,93.98
4/8/22,Unopened,1,93.98
4/8/22,Unopened,1,93.98
4/8/22,Unopened,1,93.99
4/8/22,Unopened,1,93.99
4/7/22,Unopened,1,94.94
4/7/22,Unopened,1,94.94
4/7/22,Unopened,1,94.94
4/7/22,Unopened,1,94.95
4/7/22,Unopened,1,94.95
4/7/22,Unopened,1,94.94
4/7/22,Unopened,1,94.95
4/7/22,Unopened,2,94.94
4/7/22,Unopened,1,94.94
4/7/22,Unopened,1,94.49
4/7/22,Unopened,1,93.99
4/7/22,Unopened,1,93.99
4/7/22,Unopened,1,93.99
4/6/22,Unopened,1,93.99
4/6/22,Unopened,1,94.95
4/6/22,Unopened,1,94.49
4/6/22,Unopened,1,94.49
4/6/22,Unopened,1,93.99
4/6/22,Unopened,1,93.99
4/6/22,Unopened,1,94.95
4/6/22,Unopened,1,94.49
4/6/22,Unopened,1,94.95
4/6/22,Unopened,1,94.49
4/6/22,Unopened,1,94.49
4/6/22,Unopened,1,94.49
4/6/22,Unopened,1,39.0
4/5/22,Unopened,1,94.49
4/5/22,Unopened,1,94.49
4/5/22,Unopened,1,94.49
4/5/22,Unopened,2,95.67
4/5/22,Unopened,1,94.95
4/5/22,Unopened,1,94.95
4/5/22,Unopened,1,99.99
4/5/22,Unopened,1,94.95
4/5/22,Unopened,1,94.5
4/4/22,Unopened,2,94.95
4/4/22,Unopened,1,94.95
4/4/22,Unopened,3,94.95
4/4/22,Unopened,1,94.95
4/4/22,Unopened,1,94.94
4/4/22,Unopened,1,94.95
4/4/22,Unopened,1,94.94
4/4/22,Unopened,1,94.94
4/4/22,Unopened,1,94.94
4/4/22,Unopened,1,94.94
4/3/22,Unopened,1,94.94
4/3/22,Unopened,1,94.94
4/3/22,Unopened,1,94.94
4/3/22,Unopened,1,94.94
4/3/22,Unopened,1,94.94
4/3/22,Unopened,1,94.94
4/3/22,Unopened,1,94.94
4/3/22,Unopened,1,94.94
4/3/22,Unopened,1,94.94
4/3/22,Unopened,1,89.91
4/2/22,Unopened,1,90.0
4/2/22,Unopened,2,94.95
4/2/22,Unopened,1,90.0
4/2/22,Unopened,1,39.0
4/2/22,Unopened,1,89.91
4/2/22,Unopened,1,82.99
4/2/22,Unopened,2,94.94
4/2/22,Unopened,1,85.0
4/2/22,Unopened,1,85.0
4/2/22,Unopened,1,75.8
4/2/22,Unopened,1,85.0
4/2/22,Unopened,1,82.99
4/2/22,Unopened,1,90.78
4/2/22,Unopened,1,90.78
4/2/22,Unopened,1,90.78
4/2/22,Unopened,1,90.78
4/2/22,Unopened,1,90.79
4/2/22,Unopened,1,90.79
4/2/22,Unopened,1,90.79
4/2/22,Unopened,2,89.91
4/1/22,Unopened,1,90.79
4/1/22,Unopened,1,90.79
4/1/22,Unopened,2,90.79
4/1/22,Unopened,1,72.8
4/1/22,Unopened,1,89.98
4/1/22,Unopened,1,90.79
4/1/22,Unopened,2,87.99
4/1/22,Unopened,1,89.98
4/1/22,Unopened,1,87.99
4/1/22,Unopened,1,87.99
4/1/22,Unopened,1,87.99
4/1/22,Unopened,2,87.99
4/1/22,Unopened,1,87.99
4/1/22,Unopened,1,87.99
4/1/22,Unopened,1,87.99
4/1/22,Unopened,1,87.99
3/31/22,Unopened,1,89.98
3/31/22,Unopened,1,90.79
3/31/22,Unopened,2,89.98
3/31/22,Unopened,1,89.99
3/31/22,Unopened,1,89.88
3/31/22,Unopened,1,89.88
3/31/22,Unopened,1,94.95
3/31/22,Unopened,3,90.79
3/31/22,Unopened,3,68.99
3/31/22,Unopened,1,94.95
3/31/22,Unopened,1,90.29
3/31/22,Unopened,1,85.01
3/31/22,Unopened,1,85.01
3/31/22,Unopened,2,85.01
3/30/22,Unopened,1,89.0
3/30/22,Unopened,1,89.0
3/30/22,Unopened,1,94.95
3/30/22,Unopened,1,89.0
3/30/22,Unopened,1,90.0
3/30/22,Unopened,1,89.0
3/30/22,Unopened,2,85.01
3/30/22,Unopened,1,90.0
3/30/22,Unopened,1,90.0
3/30/22,Unopened,2,90.0
3/30/22,Unopened,1,87.9
3/29/22,Unopened,1,90.0
3/29/22,Unopened,1,87.9
3/29/22,Unopened,1,90.0
3/29/22,Unopened,1,90.22
3/29/22,Unopened,1,90.0
3/29/22,Unopened,1,87.9
3/29/22,Unopened,1,87.9
3/29/22,Unopened,1,89.75
3/29/22,Unopened,1,87.9
3/29/22,Unopened,1,90.22
3/29/22,Unopened,1,87.9
3/29/22,Unopened,2,90.0
3/28/22,Unopened,1,90.22
3/28/22,Unopened,2,90.0
3/28/22,Unopened,1,90.0
3/28/22,Unopened,1,90.0
3/28/22,Unopened,1,90.0
3/28/22,Unopened,1,90.0
3/28/22,Unopened,2,90.0
3/28/22,Unopened,1,90.0
3/28/22,Unopened,1,90.0
3/28/22,Unopened,1,90.0
3/28/22,Unopened,1,90.0
3/28/22,Unopened,1,90.0
3/28/22,Unopened,2,90.0
3/28/22,Unopened,4,90.0
3/28/22,Unopened,1,90.0
3/28/22,Unopened,1,90.0
3/28/22,Unopened,1,90.0
3/27/22,Unopened,1,90.0
3/27/22,Unopened,2,90.0
3/27/22,Unopened,1,94.95
3/27/22,Unopened,1,90.0
3/27/22,Unopened,2,90.22
3/27/22,Unopened,1,92.74
3/27/22,Unopened,1,90.0
3/27/22,Unopened,1,90.0
3/27/22,Unopened,1,90.0
3/27/22,Unopened,1,90.0
3/27/22,Unopened,1,90.0
3/27/22,Unopened,1,90.0
3/27/22,Unopened,1,90.0
3/27/22,Unopened,1,90.0
3/26/22,Unopened,1,90.0
3/26/22,Unopened,1,94.95
3/26/22,Unopened,1,90.0
3/26/22,Unopened,2,90.0
3/26/22,Unopened,2,90.0
3/26/22,Unopened,1,90.0
3/26/22,Unopened,9,89.99
3/26/22,Unopened,1,89.99
3/26/22,Unopened,1,89.99
3/25/22,Unopened,1,89.99
3/25/22,Unopened,1,90.0
3/25/22,Unopened,1,90.0
3/25/22,Unopened,1,90.0
3/25/22,Unopened,1,90.0
3/25/22,Unopened,1,90.0
3/25/22,Unopened,2,89.98
3/25/22,Unopened,1,89.98
3/25/22,Unopened,1,89.98
3/25/22,Unopened,1,89.98
3/25/22,Unopened,2,87.97
3/25/22,Unopened,1,90.31
3/25/22,Unopened,2,87.97
3/25/22,Unopened,1,87.97
3/25/22,Unopened,1,89.91
3/25/22,Unopened,1,87.97
3/25/22,Unopened,1,89.98
3/25/22,Unopened,1,89.98
3/25/22,Unopened,1,90.0
3/25/22,Unopened,1,89.98
3/25/22,Unopened,1,90.0
3/25/22,Unopened,1,89.91
3/25/22,Unopened,1,90.0
3/25/22,Unopened,2,90.0
3/25/22,Unopened,6,89.98
3/25/22,Unopened,1,90.0
3/25/22,Unopened,1,89.49
3/25/22,Unopened,1,89.49
3/25/22,Unopened,1,90.29
3/24/22,Unopened,1,89.49
3/24/22,Unopened,1,89.49
3/24/22,Unopened,1,90.22
3/24/22,Unopened,1,90.0
3/24/22,Unopened,1,90.0
3/24/22,Unopened,1,90.0
3/24/22,Unopened,1,90.22
3/24/22,Unopened,2,90.79
3/24/22,Unopened,1,89.49
3/24/22,Unopened,1,89.49
3/24/22,Unopened,1,89.49
3/24/22,Unopened,2,89.98
3/24/22,Unopened,1,89.49
3/24/22,Unopened,1,89.49
3/24/22,Unopened,1,89.49
3/24/22,Unopened,1,89.49
3/24/22,Unopened,1,89.49
3/23/22,Unopened,1,89.98
3/23/22,Unopened,1,90.79
3/23/22,Unopened,2,90.22
3/23/22,Unopened,1,89.98
3/23/22,Unopened,1,90.31
3/23/22,Unopened,1,90.31
3/23/22,Unopened,1,90.22
3/23/22,Unopened,1,90.0
3/23/22,Unopened,1,90.88
3/23/22,Unopened,1,90.31
3/23/22,Unopened,1,90.31
3/23/22,Unopened,1,90.29
3/23/22,Unopened,1,90.31
3/23/22,Unopened,1,90.31
3/23/22,Unopened,1,90.31
3/23/22,Unopened,1,90.31
3/23/22,Unopened,1,90.31
3/23/22,Unopened,1,90.31
3/22/22,Unopened,1,90.31
3/22/22,Unopened,1,90.31
3/22/22,Unopened,1,90.31
3/22/22,Unopened,1,90.31
3/22/22,Unopened,1,90.31
3/22/22,Unopened,2,90.31
3/22/22,Unopened,1,94.95
3/22/22,Unopened,1,90.31
3/22/22,Unopened,1,90.31
3/22/22,Unopened,1,90.31
3/22/22,Unopened,1,90.31
3/21/22,Unopened,1,90.31
3/21/22,Unopened,1,39.0
3/21/22,Unopened,2,90.31
3/21/22,Unopened,2,89.99
3/21/22,Unopened,1,89.99
3/21/22,Unopened,1,99.99
3/21/22,Unopened,1,90.31
3/21/22,Unopened,6,90.31
3/21/22,Unopened,1,89.0
3/21/22,Unopened,1,90.31
3/21/22,Unopened,2,90.31
3/21/22,Unopened,1,90.31
3/20/22,Unopened,1,90.31
3/20/22,Unopened,1,90.88
3/20/22,Unopened,1,90.31
3/20/22,Unopened,1,90.31
3/20/22,Unopened,1,89.0
3/20/22,Unopened,2,90.31
3/20/22,Unopened,2,90.31
3/20/22,Unopened,1,90.31
3/20/22,Unopened,1,90.31
3/20/22,Unopened,2,90.31
3/20/22,Unopened,2,90.31
3/19/22,Unopened,1,90.31
3/19/22,Unopened,1,90.31
3/19/22,Unopened,1,90.31
3/19/22,Unopened,1,90.31
3/19/22,Unopened,1,90.31
3/19/22,Unopened,1,90.31
3/19/22,Unopened,1,90.31
3/19/22,Unopened,1,90.31
3/19/22,Unopened,2,90.31
3/19/22,Unopened,2,89.99
3/19/22,Unopened,2,90.31
3/19/22,Unopened,5,89.99
3/19/22,Unopened,1,89.99
3/19/22,Unopened,1,89.99
3/19/22,Unopened,1,89.99
3/19/22,Unopened,1,89.99
3/19/22,Unopened,1,89.99
3/19/22,Unopened,1,90.31
3/19/22,Unopened,1,94.95
3/19/22,Unopened,1,90.31
3/18/22,Unopened,1,90.31
3/18/22,Unopened,2,90.31
3/18/22,Unopened,1,90.31
3/18/22,Unopened,1,90.31
3/18/22,Unopened,1,90.31
3/18/22,Unopened,1,90.31
3/18/22,Unopened,1,90.31
3/18/22,Unopened,1,90.31
3/18/22,Unopened,1,90.31
3/18/22,Unopened,1,90.31
3/18/22,Unopened,1,90.31
3/18/22,Unopened,1,90.31
3/18/22,Unopened,1,90.31
3/18/22,Unopened,1,90.31
3/18/22,Unopened,2,90.31
3/18/22,Unopened,1,90.31
3/18/22,Unopened,1,90.31
3/18/22,Unopened,1,90.31
3/17/22,Unopened,1,90.31
3/17/22,Unopened,1,90.31
3/17/22,Unopened,1,90.96
3/17/22,Unopened,1,90.31
3/17/22,Unopened,1,90.31
3/17/22,Unopened,1,90.31
3/17/22,Unopened,2,90.31
3/17/22,Unopened,1,90.31
3/17/22,Unopened,1,90.96
3/17/22,Unopened,3,90.96
3/17/22,Unopened,1,90.31
3/17/22,Unopened,1,90.31
3/17/22,Unopened,1,90.96
3/17/22,Unopened,1,90.96
3/17/22,Unopened,1,90.96
3/17/22,Unopened,1,90.96
3/17/22,Unopened,1,90.96
3/17/22,Unopened,1,90.96
3/16/22,Unopened,1,90.96
3/16/22,Unopened,3,90.96
3/16/22,Unopened,1,90.97
3/16/22,Unopened,3,90.96
3/16/22,Unopened,1,90.97
3/16/22,Unopened,2,90.96
3/16/22,Unopened,1,90.97
3/16/22,Unopened,2,90.97
3/16/22,Unopened,1,90.97
3/16/22,Unopened,1,90.97
3/15/22,Unopened,1,90.97
3/15/22,Unopened,1,90.97
3/15/22,Unopened,1,90.97
3/15/22,Unopened,1,90.97
3/15/22,Unopened,1,90.97
3/15/22,Unopened,2,89.99
3/15/22,Unopened,10,90.97
3/15/22,Unopened,1,90.97
3/15/22,Unopened,6,90.97
3/15/22,Unopened,1,90.97
3/15/22,Unopened,1,90.97
3/15/22,Unopened,1,90.97
3/15/22,Unopened,1,89.99
3/15/22,Unopened,1,90.97
3/14/22,Unopened,1,90.97
3/14/22,Unopened,1,90.97
3/14/22,Unopened,3,90.97
3/14/22,Unopened,1,90.97
3/14/22,Unopened,1,80.99
3/14/22,Unopened,1,90.97
3/14/22,Unopened,1,90.97
3/14/22,Unopened,5,90.97
3/14/22,Unopened,1,90.97
3/14/22,Unopened,1,90.97
3/14/22,Unopened,1,90.97
3/14/22,Unopened,1,90.97
3/14/22,Unopened,1,90.97
3/14/22,Unopened,1,90.97
3/14/22,Unopened,1,90.97
3/14/22,Unopened,1,90.97
3/13/22,Unopened,2,90.97
3/13/22,Unopened,1,90.97
3/13/22,Unopened,2,90.97
3/13/22,Unopened,1,90.97
3/13/22,Unopened,1,90.97
3/13/22,Unopened,1,90.97
3/13/22,Unopened,1,90.97
3/13/22,Unopened,1,90.97
3/13/22,Unopened,2,90.97
3/13/22,Unopened,1,94.95
3/12/22,Unopened,1,90.97
3/12/22,Unopened,5,90.97
3/12/22,Unopened,1,90.97
3/12/22,Unopened,1,90.97
3/12/22,Unopened,2,90.97
3/12/22,Unopened,1,90.97
3/12/22,Unopened,1,90.97
3/12/22,Unopened,1,90.97
3/12/22,Unopened,1,89.99
3/12/22,Unopened,1,89.99
3/12/22,Unopened,1,89.99
3/12/22,Unopened,1,89.98
3/12/22,Unopened,1,89.98
3/12/22,Unopened,1,89.98
3/12/22,Unopened,1,89.98
3/12/22,Unopened,1,90.94
3/12/22,Unopened,1,90.94
3/12/22,Unopened,1,90.94
3/12/22,Unopened,1,89.99
3/11/22,Unopened,1,79.99
3/11/22,Unopened,1,90.94
3/11/22,Unopened,1,80.94
3/11/22,Unopened,1,90.94
3/11/22,Unopened,2,90.94
3/11/22,Unopened,1,90.93
3/11/22,Unopened,1,90.93
3/11/22,Unopened,1,90.97
3/11/22,Unopened,1,90.93
3/11/22,Unopened,1,90.93
3/11/22,Unopened,1,90.93
3/11/22,Unopened,1,90.94
3/11/22,Unopened,1,90.93
3/10/22,Unopened,1,90.97
3/10/22,Unopened,1,90.95
3/10/22,Unopened,1,87.99
3/10/22,Unopened,1,87.99
3/10/22,Unopened,1,87.99
3/10/22,Unopened,1,87.99
3/10/22,Unopened,1,90.95
3/10/22,Unopened,2,87.99
3/10/22,Unopened,6,87.99
3/10/22,Unopened,1,90.95
3/10/22,Unopened,1,90.95
3/10/22,Unopened,1,90.95
3/10/22,Unopened,1,90.97
3/10/22,Unopened,1,90.97
3/10/22,Unopened,2,90.97
3/9/22,Unopened,1,90.97
3/9/22,Unopened,1,90.97
3/9/22,Unopened,1,89.89
3/9/22,Unopened,1,90.97
3/9/22,Unopened,1,90.97
3/9/22,Unopened,1,90.88
3/9/22,Unopened,1,90.97
3/9/22,Unopened,1,90.88
3/9/22,Unopened,1,104.45
3/9/22,Unopened,1,90.88
3/8/22,Unopened,1,90.98
3/8/22,Unopened,1,90.98
3/8/22,Unopened,1,90.98
3/8/22,Unopened,1,90.98
3/8/22,Unopened,1,90.98
3/8/22,Unopened,2,90.98
3/8/22,Unopened,1,90.98
3/8/22,Unopened,1,89.89
3/8/22,Unopened,2,90.98
3/8/22,Unopened,1,90.98
3/8/22,Unopened,1,89.89
3/8/22,Unopened,2,90.98
3/8/22,Unopened,1,90.98
3/8/22,Unopened,1,90.98
3/8/22,Unopened,1,90.98
3/8/22,Unopened,1,90.98
3/8/22,Unopened,1,90.98
3/8/22,Unopened,1,90.98
3/8/22,Unopened,1,90.98
3/8/22,Unopened,2,90.98
3/7/22,Unopened,1,90.98
3/7/22,Unopened,1,90.98
3/7/22,Unopened,2,90.98
3/7/22,Unopened,2,89.89
3/7/22,Unopened,1,90.98
3/7/22,Unopened,1,90.98
3/7/22,Unopened,1,90.98
3/7/22,Unopened,2,90.98
3/7/22,Unopened,1,90.98
3/7/22,Unopened,2,90.98
3/7/22,Unopened,1,89.89
3/7/22,Unopened,1,90.98
3/7/22,Unopened,1,96.05
3/7/22,Unopened,1,90.98
3/7/22,Unopened,1,90.98
3/7/22,Unopened,1,90.98
3/7/22,Unopened,1,90.98
3/6/22,Unopened,1,90.98
3/6/22,Unopened,1,90.98
3/6/22,Unopened,1,90.98
3/6/22,Unopened,2,90.98
3/6/22,Unopened,1,90.98
3/6/22,Unopened,1,90.98
3/6/22,Unopened,1,90.98
3/6/22,Unopened,2,90.98
3/6/22,Unopened,1,90.98
3/6/22,Unopened,2,90.98
3/6/22,Unopened,1,90.98
3/6/22,Unopened,1,90.98
3/6/22,Unopened,2,90.98
3/6/22,Unopened,1,90.98
3/6/22,Unopened,1,90.98
3/6/22,Unopened,1,90.98
3/6/22,Unopened,1,90.98
3/6/22,Unopened,1,90.98
3/6/22,Unopened,1,90.98
3/6/22,Unopened,1,90.98
3/5/22,Unopened,1,90.98
3/5/22,Unopened,1,82.99
3/5/22,Unopened,1,90.98
3/5/22,Unopened,1,82.99
3/5/22,Unopened,1,90.98
3/5/22,Unopened,1,82.99
3/5/22,Unopened,1,82.99
3/5/22,Unopened,1,82.99
3/5/22,Unopened,1,82.99
3/4/22,Unopened,1,90.98
3/4/22,Unopened,1,90.98
3/4/22,Unopened,1,90.98
3/4/22,Unopened,1,90.98
3/4/22,Unopened,1,90.98
3/4/22,Unopened,1,90.98
3/4/22,Unopened,1,90.98
3/4/22,Unopened,1,90.98
3/4/22,Unopened,1,90.98
3/4/22,Unopened,1,90.98
3/4/22,Unopened,1,90.98
3/4/22,Unopened,1,90.98
3/3/22,Unopened,1,90.98
3/3/22,Unopened,1,89.89
3/3/22,Unopened,1,90.98
3/3/22,Unopened,1,90.98
3/3/22,Unopened,1,90.98
3/3/22,Unopened,1,90.98
3/3/22,Unopened,1,90.98
3/3/22,Unopened,1,90.98
3/3/22,Unopened,1,90.98
3/3/22,Unopened,1,90.98
3/3/22,Unopened,2,90.98
3/3/22,Unopened,1,90.98
3/3/22,Unopened,1,90.98
3/3/22,Unopened,1,90.98
3/3/22,Unopened,1,89.89
3/2/22,Unopened,3,90.98
3/2/22,Unopened,1,90.98
3/2/22,Unopened,1,89.89
3/2/22,Unopened,1,90.98
3/2/22,Unopened,1,90.98
3/2/22,Unopened,1,90.98
3/2/22,Unopened,1,90.98
3/2/22,Unopened,1,90.97
3/2/22,Unopened,1,89.89
3/2/22,Unopened,1,90.98
3/2/22,Unopened,1,90.97
3/2/22,Unopened,1,90.97
3/2/22,Unopened,1,90.98
3/2/22,Unopened,1,90.97
3/2/22,Unopened,2,90.97
3/1/22,Unopened,1,90.98
3/1/22,Unopened,1,90.98
3/1/22,Unopened,1,90.98
3/1/22,Unopened,2,90.98
3/1/22,Unopened,1,90.98
3/1/22,Unopened,1,90.97
3/1/22,Unopened,2,90.98
3/1/22,Unopened,1,90.98
3/1/22,Unopened,1,90.97
3/1/22,Unopened,1,90.97
3/1/22,Unopened,1,90.97
3/1/22,Unopened,1,90.98
3/1/22,Unopened,2,90.97
2/28/22,Unopened,1,90.97
2/28/22,Unopened,1,85.99
2/28/22,Unopened,1,85.99
2/28/22,Unopened,1,92.51
2/28/22,Unopened,1,90.98
2/28/22,Unopened,1,90.98
2/28/22,Unopened,1,90.98
2/28/22,Unopened,1,90.0
2/28/22,Unopened,1,90.0
2/28/22,Unopened,2,90.0
2/28/22,Unopened,1,90.0
2/27/22,Unopened,1,90.98
2/27/22,Unopened,1,90.98
2/27/22,Unopened,1,90.98
2/27/22,Unopened,1,90.0
2/27/22,Unopened,1,90.98
2/27/22,Unopened,1,90.98
2/27/22,Unopened,1,79.99
2/27/22,Unopened,2,90.98
2/27/22,Unopened,1,90.97
2/27/22,Unopened,2,79.99
2/27/22,Unopened,1,82.99
2/27/22,Unopened,2,79.99
2/27/22,Unopened,1,90.97
2/27/22,Unopened,1,90.97
2/27/22,Unopened,1,90.97
2/26/22,Unopened,1,90.98
2/26/22,Unopened,1,90.97
2/26/22,Unopened,1,90.95
2/26/22,Unopened,2,90.97
2/26/22,Unopened,1,90.95
2/26/22,Unopened,1,90.95
2/26/22,Unopened,1,90.95
2/26/22,Unopened,1,90.95
2/26/22,Unopened,1,90.95
2/26/22,Unopened,1,90.95
2/26/22,Unopened,1,90.95
2/26/22,Unopened,1,90.98
2/26/22,Unopened,1,90.98
2/26/22,Unopened,1,90.98
2/26/22,Unopened,1,90.98
2/26/22,Unopened,1,90.98
2/25/22,Unopened,1,90.98
2/25/22,Unopened,1,90.98
2/25/22,Unopened,1,90.98
2/25/22,Unopened,1,90.98
2/25/22,Unopened,1,92.51
2/25/22,Unopened,1,88.0
2/25/22,Unopened,1,90.98
2/25/22,Unopened,1,90.98
2/25/22,Unopened,1,90.98
2/25/22,Unopened,5,90.99
2/25/22,Unopened,1,92.45
2/25/22,Unopened,1,92.51
2/25/22,Unopened,1,92.45
2/24/22,Unopened,1,92.45
2/24/22,Unopened,1,92.74
2/24/22,Unopened,1,92.45
2/24/22,Unopened,1,92.51
2/24/22,Unopened,1,92.4
2/24/22,Unopened,1,92.4
2/24/22,Unopened,1,92.4
2/24/22,Unopened,1,92.25
2/24/22,Unopened,1,92.25
2/24/22,Unopened,1,92.25
2/23/22,Unopened,1,92.39
2/23/22,Unopened,1,92.48
2/23/22,Unopened,1,92.39
2/23/22,Unopened,1,92.4
2/23/22,Unopened,1,92.39
2/23/22,Unopened,2,92.39
2/23/22,Unopened,1,92.39
2/23/22,Unopened,1,92.39
2/23/22,Unopened,1,92.39
2/23/22,Unopened,1,92.39
2/23/22,Unopened,1,92.39
2/23/22,Unopened,1,92.39
2/23/22,Unopened,1,92.39
2/22/22,Unopened,1,92.4
2/22/22,Unopened,1,92.48
2/22/22,Unopened,1,92.4
2/22/22,Unopened,1,92.51
2/22/22,Unopened,1,92.4
2/22/22,Unopened,1,92.4
2/22/22,Unopened,1,92.4
2/22/22,Unopened,2,92.4
2/22/22,Unopened,1,92.4
2/21/22,Unopened,1,92.4
2/21/22,Unopened,1,92.4
2/21/22,Unopened,1,92.4
2/21/22,Unopened,1,92.4
2/21/22,Unopened,1,92.48
2/21/22,Unopened,2,92.4
2/21/22,Unopened,1,92.8
2/21/22,Unopened,1,92.4
2/21/22,Unopened,1,89.99
2/21/22,Unopened,2,89.99
2/21/22,Unopened,1,89.99
2/21/22,Unopened,1,89.99
2/21/22,Unopened,1,92.39
2/20/22,Unopened,1,91.95
2/20/22,Unopened,2,92.39
2/20/22,Unopened,1,89.99
2/20/22,Unopened,1,92.39
2/20/22,Unopened,1,92.39
2/20/22,Unopened,1,92.39
2/20/22,Unopened,1,92.39
2/20/22,Unopened,1,92.39
2/20/22,Unopened,1,92.43
2/20/22,Unopened,1,92.39
2/19/22,Unopened,1,39.0
2/19/22,Unopened,1,92.8
2/19/22,Unopened,1,90.38
2/19/22,Unopened,1,92.39
2/19/22,Unopened,1,80.3
2/19/22,Unopened,1,80.3
2/19/22,Unopened,1,92.39
2/19/22,Unopened,1,80.3
2/19/22,Unopened,1,80.3
2/19/22,Unopened,2,92.39
2/19/22,Unopened,1,90.38
2/19/22,Unopened,6,87.99
2/19/22,Unopened,1,87.99
2/19/22,Unopened,1,92.39
2/19/22,Unopened,1,92.39
2/18/22,Unopened,1,87.99
2/18/22,Unopened,1,82.0
2/18/22,Unopened,1,92.39
2/18/22,Unopened,1,87.99
2/18/22,Unopened,1,87.99
2/18/22,Unopened,2,87.99
2/18/22,Unopened,1,87.99
2/18/22,Unopened,1,87.99
2/18/22,Unopened,1,92.39
2/18/22,Unopened,1,87.99
2/18/22,Unopened,1,92.39
2/18/22,Unopened,1,92.39
2/18/22,Unopened,1,87.99
2/18/22,Unopened,1,92.39
2/18/22,Unopened,1,87.99
2/18/22,Unopened,1,87.99
2/18/22,Unopened,1,89.99
2/18/22,Unopened,1,89.99
2/18/22,Unopened,1,89.99
2/18/22,Unopened,1,92.51
2/18/22,Unopened,1,92.44
2/18/22,Unopened,1,92.44
2/18/22,Unopened,1,92.51
2/18/22,Unopened,1,92.44
2/18/22,Unopened,1,92.44
2/18/22,Unopened,1,92.44
2/17/22,Unopened,1,92.46
2/17/22,Unopened,1,92.46
2/17/22,Unopened,2,92.46
2/17/22,Unopened,1,92.46
2/17/22,Unopened,1,92.46
2/17/22,Unopened,1,92.48
2/17/22,Unopened,1,92.46
2/17/22,Unopened,1,92.48
2/17/22,Unopened,1,92.46
2/17/22,Unopened,1,92.46
2/17/22,Unopened,1,92.46
2/17/22,Unopened,1,92.48
2/17/22,Unopened,1,92.49
2/17/22,Unopened,1,92.48
2/17/22,Unopened,1,92.48
2/17/22,Unopened,1,92.49
2/17/22,Unopened,2,92.8
2/16/22,Unopened,1,92.49
2/16/22,Unopened,1,92.51
2/16/22,Unopened,1,92.49
2/16/22,Unopened,1,92.49
2/16/22,Unopened,1,99.99
2/16/22,Unopened,1,92.49
2/16/22,Unopened,1,92.49
2/16/22,Unopened,2,92.49
2/16/22,Unopened,1,92.5
2/16/22,Unopened,2,92.48
2/16/22,Unopened,1,92.48
2/16/22,Unopened,1,92.49
2/16/22,Unopened,1,92.48
2/16/22,Unopened,1,92.48
2/15/22,Unopened,1,92.48
2/15/22,Unopened,1,92.48
2/15/22,Unopened,1,92.48
2/15/22,Unopened,1,92.48
2/15/22,Unopened,1,92.48
2/15/22,Unopened,1,92.48
2/15/22,Unopened,1,92.48
2/15/22,Unopened,1,92.47
2/15/22,Unopened,1,92.47
2/15/22,Unopened,1,92.48
2/15/22,Unopened,1,92.5
2/15/22,Unopened,2,92.5
2/15/22,Unopened,1,92.55
2/15/22,Unopened,1,92.51
2/14/22,Unopened,2,92.51
2/14/22,Unopened,3,92.51
2/14/22,Unopened,1,92.51
2/14/22,Unopened,1,92.51
2/14/22,Unopened,1,92.51
2/14/22,Unopened,3,92.53
2/14/22,Unopened,1,92.55
2/14/22,Unopened,1,92.51
2/14/22,Unopened,2,92.51
2/14/22,Unopened,1,92.51
2/14/22,Unopened,1,92.55
2/14/22,Unopened,1,92.51
2/14/22,Unopened,1,92.51
2/14/22,Unopened,1,92.51
2/14/22,Unopened,1,92.51
2/14/22,Unopened,1,92.51
2/14/22,Unopened,1,92.53
2/14/22,Unopened,1,92.8
2/13/22,Unopened,1,92.51
2/13/22,Unopened,1,92.51
2/13/22,Unopened,1,92.51
2/13/22,Unopened,1,90.0
2/13/22,Unopened,1,92.51
2/13/22,Unopened,1,92.51
2/13/22,Unopened,1,92.51
2/12/22,Unopened,2,92.53
2/12/22,Unopened,1,92.52
2/12/22,Unopened,1,92.77
2/12/22,Unopened,2,92.52
2/12/22,Unopened,1,92.53
2/12/22,Unopened,1,92.53
2/12/22,Unopened,1,92.53
2/12/22,Unopened,1,92.53
2/12/22,Unopened,1,92.54
2/11/22,Unopened,1,92.65
2/11/22,Unopened,1,92.54
2/11/22,Unopened,1,92.54
2/11/22,Unopened,1,92.54
2/11/22,Unopened,1,92.54
2/11/22,Unopened,1,92.55
2/11/22,Unopened,2,92.55
2/11/22,Unopened,1,94.95
2/11/22,Unopened,2,92.65
2/11/22,Unopened,1,92.74
2/10/22,Unopened,1,92.65
2/10/22,Unopened,1,92.64
2/10/22,Unopened,1,92.8
2/10/22,Unopened,3,92.65
2/10/22,Unopened,1,92.64
2/10/22,Unopened,1,92.64
2/10/22,Unopened,1,92.74
2/10/22,Unopened,1,92.65
2/10/22,Unopened,1,92.66
2/10/22,Unopened,1,92.65
2/10/22,Unopened,2,92.66
2/10/22,Unopened,1,92.66
2/10/22,Unopened,2,89.0
